model,test_year,n,ic_pooled,cs_ic_mean,cs_ic_t,hit_rate,hit_ci_lo,hit_ci_hi,hit_p_vs_50,up_rate,hit_p_vs_uprate,share_long,r2_oos
zero,2006,4077,,,,0.4982698961937716,0.4828721139436191,0.5136709607287335,0.8380626460712406,0.4982698961937716,1.0,0.0,0.0
zero,2007,4267,,,,0.5092111478507322,0.4941512878493956,0.5242543080558407,0.23666452438936847,0.5092111478507322,1.0,0.0,0.0
zero,2008,4301,,,,0.46975005839757067,0.4548333072387968,0.4847210510833405,8.003253652532163e-05,0.46975005839757067,1.0,0.0,0.0
zero,2009,4284,,,,0.5143327067669173,0.4993108072199606,0.5293287553402999,0.06361977319456381,0.5143327067669173,1.0,0.0,0.0
zero,2010,4284,,,,0.517541794207676,0.5025041606228192,0.5325477218091209,0.023134668853093485,0.517541794207676,1.0,0.0,0.0
zero,2011,4506,,,,0.5108573987015894,0.4961949831593381,0.5255011556615944,0.15089187070695834,0.5108573987015894,1.0,0.0,0.0
zero,2012,4595,,,,0.5099934109378432,0.495470307585116,0.5244996645991268,0.18226018644446865,0.5099934109378432,1.0,0.0,0.0
zero,2013,4788,,,,0.5286919831223629,0.5144636140030752,0.5428738822573396,8.242723409885707e-05,0.5286919831223629,1.0,0.0,0.0
zero,2014,4800,,,,0.5167898627243929,0.5025482082824625,0.5310042953504929,0.021658391479110185,0.5167898627243929,1.0,0.0,0.0
zero,2015,5040,,,,0.4990972918756269,0.48522322599366974,0.5129727479975671,0.9097885130899473,0.4990972918756269,1.0,0.0,0.0
zero,2016,5040,,,,0.5198960207958409,0.5060391244670299,0.5337223736790853,0.005107377937313074,0.5198960207958409,1.0,0.0,0.0
zero,2017,5020,,,,0.5255225080385852,0.5116335935914136,0.5393720448208605,0.0003341304662553621,0.5255225080385852,1.0,0.0,0.0
zero,ALL,55002,,,,0.5104455164065222,0.5062487939340653,0.5146407669812295,1.0942356163603169e-06,0.5104455164065222,1.0,0.0,0.0
rev1,2006,4077,-0.03294949072492939,-0.030010765962158105,-1.5844724681607614,0.49604547701433516,0.48065019389575897,0.51144826249819,0.626009556441576,0.4982698961937716,0.789270731200857,0.5209713024282561,
rev1,2007,4267,0.0033279947825045455,-0.05597814111818673,-3.187279021367662,0.5146433632498819,0.499582478075438,0.5296777000303222,0.058705661213440286,0.5092111478507322,0.4891371931972456,0.5151160065619873,
rev1,2008,4301,0.06440585233608291,0.00585092861760907,0.30340295909654075,0.5225414622751694,0.5075651893864216,0.5374773158021017,0.0033365744430081824,0.46975005839757067,4.804521392594693e-12,0.544989537316903,
rev1,2009,4284,0.011077731718543189,0.02095353427398859,1.1013296171783487,0.5035244360902256,0.48850649160898224,0.5185360237746884,0.6566673704561697,0.5143327067669173,0.1583434096774134,0.4981325863678805,
rev1,2010,4284,0.004801860553408879,-0.012395784449239064,-0.6545786816074672,0.5057687779609136,0.49073353851233437,0.5207935906095789,0.4614022703188616,0.517541794207676,0.12471513541826676,0.4988328664799253,
rev1,2011,4506,0.023993897451682813,-0.0007875799928331908,-0.04226146179795311,0.5099619431385718,0.4952997508957437,0.5246070156512975,0.18794550438186167,0.5108573987015894,0.9047129931110349,0.5022192632046161,
rev1,2012,4595,0.002371997293306773,-0.00267882599843394,-0.15583783288491004,0.5088952339117065,0.49437245448793377,0.5234030152584801,0.23577362146511333,0.5099934109378432,0.8821751995078764,0.5070729053318824,
rev1,2013,4788,0.0245108907475335,-0.0005690696703308725,-0.035023983237039716,0.5141350210970465,0.49990069548032073,0.5283464534126777,0.05337256921374452,0.5286919831223629,0.0462297051543432,0.48600668337510444,
rev1,2014,4800,-0.005182735977784696,-0.01400365457582663,-0.83385993170068,0.5119324181626188,0.4976907306609843,0.526154759342311,0.10359147601387057,0.5167898627243929,0.5036239915102643,0.5035416666666667,
rev1,2015,5040,-0.021371688354985097,0.0022045258123872917,0.13412888796232325,0.5117352056168506,0.49785520457573235,0.5255971335381899,0.10038279077037164,0.4990972918756269,0.0766454408494057,0.518452380952381,
rev1,2016,5040,0.02570985771242201,0.011740552440986722,0.6551184349598769,0.5150969806038792,0.5012391159692184,0.5289316690562258,0.03390228764384586,0.5198960207958409,0.4969965015330575,0.5031746031746032,
rev1,2017,5020,-0.02935918477683544,-0.04221363378188054,-2.2947995690684184,0.4937700964630225,0.4798886637980392,0.5076611409989648,0.38717903445483914,0.5255225080385852,7.723025688650387e-06,0.499203187250996,
rev1,ALL,55002,0.007128815642816971,-0.009790842155069696,-1.8810775511055509,0.5090515581152216,0.504854705700179,0.5132471350578508,2.41226883891538e-05,0.5104455164065222,0.5149775299613564,0.5077815352169012,
mom20,2006,4077,0.01647727726313033,0.02168677453009796,1.148946623402997,0.5081562036579338,0.4927509984056275,0.523545935281853,0.3068366847937097,0.4982698961937716,0.20854815811733637,0.494971792985038,
mom20,2007,4267,0.01292737813475182,0.035710430161581375,2.0717276632369557,0.5125177137458667,0.4974570181119491,0.5275557147849104,0.10658865665241211,0.5092111478507322,0.6781370996346794,0.44668385282399814,
mom20,2008,4301,-0.016517490016903384,0.003976523945553265,0.20323247482930162,0.510628357860313,0.49565093703883967,0.5255867208479771,0.1689599608447367,0.46975005839757067,8.967082517968319e-08,0.33666589165310395,
mom20,2009,4284,-0.027512085838956733,-0.004796745182958062,-0.24979290285376293,0.4870770676691729,0.4720785944553354,0.5020988491378724,0.09474867864491114,0.5143327067669173,0.00039540110939369086,0.5826330532212886,
mom20,2010,4284,0.013170173889876671,0.008034204516288137,0.42801253812866646,0.510007063809748,0.4949700025840858,0.525026037729437,0.19740750451615285,0.517541794207676,0.325826069542576,0.5175070028011205,
mom20,2011,4506,-0.013693812569994981,0.030629791831776106,1.5605567016328257,0.492052831878218,0.47740497119532627,0.5067143498738881,0.29493928425985566,0.5108573987015894,0.012436809862488124,0.4507323568575233,
mom20,2012,4595,0.019669581260546333,0.029931756594269394,1.6108300451324957,0.5040632549967055,0.489542732443524,0.5185769265764428,0.5936759805825579,0.5099934109378432,0.42350517708252877,0.5436343852013058,
mom20,2013,4788,-0.03141248072025328,0.0068159832810675185,0.4313708053804216,0.49156118143459915,0.4773414790986452,0.5057945514129975,0.25118852023021576,0.5286919831223629,3.242391056095844e-07,0.6138262322472848,
mom20,2014,4800,-0.02881166565481205,-0.0038982181045467863,-0.20791496519368066,0.48996832101372756,0.4757432509965339,0.5042096556378639,0.1719154861202653,0.5167898627243929,0.0002335979727371437,0.4708333333333333,
mom20,2015,5040,0.00021869250772706562,0.03488938735282578,1.9538467725202349,0.5031093279839518,0.48923241816119595,0.5169814492023217,0.6709124341509447,0.4990972918756269,0.5710717892732606,0.4513888888888889,
mom20,2016,5040,0.003603603094155419,0.005393824892054006,0.2964983991416347,0.5066986602679464,0.4928421731563667,0.5205448639079032,0.35067251926408155,0.5198960207958409,0.0637422427757591,0.5263888888888889,
mom20,2017,5020,0.0005742571558851695,0.021909264337818132,1.178320491680763,0.5066318327974276,0.49274062168342464,0.5205128119197647,0.3568152058372577,0.5255225080385852,0.007938406500579816,0.5147410358565737,
mom20,ALL,55002,0.00098502374688383,0.0158331513367536,2.969153429924127,0.5017699601988225,0.4975729593915103,0.5059667115976486,0.41091822464841177,0.5104455164065222,5.162759201991624e-05,0.49680011635940513,
ridge,2006,4077,0.01526138868914194,-0.016409063761280512,-0.8937700457592584,0.5076618882847257,0.49225691130707705,0.5230523294296471,0.33756145153002814,0.4982698961937716,0.2322099187478236,0.801569781702232,-0.00038225455001783537
ridge,2007,4267,0.03956989920680442,0.05521089574877332,3.492619943256708,0.5068493150684932,0.4917904548864712,0.52189575745332,0.381037346301345,0.5092111478507322,0.7585565963060249,0.8357159596906492,0.0006511855414170764
ridge,2008,4301,-0.017705339194278663,0.017305877877671006,0.853480433625826,0.474889044615744,0.45995916191196734,0.48986395406972966,0.001070462011132635,0.46975005839757067,0.5005420234527913,0.9444315275517322,-0.003896675127661675
ridge,2009,4284,0.010718166640100491,0.010204117849529393,0.5200935658995024,0.5155075187969925,0.5004856120645202,0.5305014556236305,0.04462729198482205,0.5143327067669173,0.8902321902059145,0.9908963585434174,0.0019176361553759902
ridge,2010,4284,0.03896993682694992,0.017123277681758545,1.003937234362704,0.5196609371320933,0.5046237579521754,0.5346625800755697,0.010849866267052543,0.517541794207676,0.7940801031150928,0.7401960784313726,0.0019525410264173981
ridge,2011,4506,0.04370045398213108,0.013780602931236821,0.772852453631036,0.5157824042981867,0.501119600928067,0.5304180853992679,0.03618665246344479,0.5108573987015894,0.519890493461559,0.7336884154460719,0.003780216197060704
ridge,2012,4595,0.010334615094607747,-0.025898653994330053,-1.3466354699024765,0.513287942016253,0.4987642870085326,0.5277891924891968,0.07532463131625981,0.5099934109378432,0.6672957459550561,0.9710554951033732,0.0004936927714582762
ridge,2013,4788,0.018515168778004104,0.013646204971916584,0.7642590138087216,0.5270042194092827,0.5127745400374086,0.5411901623253346,0.00021167551812390815,0.5286919831223629,0.8159516681654537,0.8137009189640768,0.0031182547611374734
ridge,2014,4800,0.01738756808331896,0.022565549436375024,1.24612451241579,0.5125659978880676,0.4983242384774276,0.526787383738432,0.08636497485100472,0.5167898627243929,0.5608610810203057,0.9670833333333333,-0.0005038842952485023
ridge,2015,5040,0.050689517712124314,0.005268266741256497,0.30750286371734015,0.5001003009027081,0.4862254403489305,0.5139750069853763,1.0,0.4990972918756269,0.8873819659865783,0.9704365079365079,-0.0006352853867090946
ridge,2016,5040,0.006910590463391007,0.005785468826592832,0.34882261814557664,0.510497900419916,0.4966403060770811,0.5243393788743868,0.14138213050279838,0.5198960207958409,0.1834623369000272,0.8273809523809523,0.00011459593771157017
ridge,2017,5020,0.02568361346594347,0.0197217418451762,1.1304118269831662,0.5281350482315113,0.51424801452818,0.5419786734853504,7.617350491823899e-05,0.5255225080385852,0.7226926861215898,0.9778884462151395,0.00014406177744419324
ridge,ALL,55002,0.017058390137382494,0.011544125736096663,2.218349773974255,0.5112525448909594,0.5070559125663621,0.5154475915978756,1.5143281860990245e-07,0.5104455164065222,0.7093895114615612,0.883386058688775,-1.4104829961114618e-05
lgbm,2006,4077,-0.005461336183563717,0.012380857514449402,0.6541858550575812,0.4985170538803757,0.4831190127459482,0.5139179084017826,0.8627062237626555,0.4982698961937716,0.9749200911916335,0.9683590875643856,0.0020615166028974397
lgbm,2007,4267,0.02009484973013027,0.04041360258003891,2.4521160220187754,0.5037789324515825,0.48872187388754246,0.5188291398171699,0.6337832592227631,0.5092111478507322,0.47958397968167765,0.9043824701195219,0.0005614303619417838
lgbm,2008,4301,-0.031136460219993174,-0.02899985209377433,-1.7469148142573314,0.4849334267694464,0.4699824556247079,0.4999114139643103,0.05041613950419874,0.46975005839757067,0.04823152199905541,0.7147175075563822,-0.010736095399715317
lgbm,2009,4284,0.042346342236332525,0.02994878777097611,1.5730403363067946,0.5169172932330827,0.5018954873597258,0.531908586481893,0.028369652379895693,0.5143327067669173,0.7474338870240191,0.98062558356676,0.00239060473062902
lgbm,2010,4284,0.021425047119615726,-0.007113155702761805,-0.4019445270001658,0.5253119849305392,0.5102773397823699,0.540300879834188,0.0010219966285588233,0.517541794207676,0.3182692056015046,0.861577964519141,-0.0007264161726321383
lgbm,2011,4506,0.03718069645822818,0.010494711894358816,0.6379166662758143,0.5106335348108351,0.49597117068724383,0.525277625065216,0.15958717524557775,0.5108573987015894,0.9761249081662643,0.6990679094540613,0.005093767860944287
lgbm,2012,4595,0.02662836538034541,0.01244236539863546,0.7601102348681824,0.5110915879639798,0.4965682306976245,0.525596243924447,0.13832896315689933,0.5099934109378432,0.8938729643163866,0.7680087051142547,-0.0014331746428932757
lgbm,2013,4788,0.004523068328849106,0.06207684946751805,0.7892317864127844,0.5286919831223629,0.5144636140030752,0.5428738822573396,8.242723409885707e-05,0.5286919831223629,1.0,1.0,0.0036801654973864784
lgbm,2014,4800,-0.0064801925011390565,-0.015247428028692217,-0.9416156533812909,0.5129883843717001,0.4987465897226258,0.5272091206349435,0.07622364143211896,0.5167898627243929,0.6006916300536407,0.9129166666666667,4.976685753022014e-05
lgbm,2015,5040,0.036245381012747505,,,0.4990972918756269,0.48522322599366974,0.5129727479975671,0.9097885130899473,0.4990972918756269,1.0,1.0,-0.0005580513865661718
lgbm,2016,5040,-0.020327425407779903,-0.022246604982561403,-1.3072307751853076,0.501499700059988,0.4876460235239075,0.5153510743263021,0.8430709359432889,0.5198960207958409,0.00959621102869552,0.8097222222222222,-0.0035507298777344154
lgbm,2017,5020,-0.012558165510214377,-0.010358976194274849,-0.6007166002852785,0.5277331189710611,0.5138457711542762,0.541577678459061,9.643819752344186e-05,0.5255225080385852,0.7656388852770273,0.9838645418326694,-0.0003050678145912755
lgbm,ALL,55002,0.0012462698637913149,0.0023829236227382233,0.4372606577754686,0.5102987839548064,0.5061020462672426,0.5144940704209716,1.5447597483414169e-06,0.5104455164065222,0.9453577533341002,0.8850950874513654,-0.0018026017917303072
lstm,2006,4077,-0.018641475217921043,-0.011323579635309612,-0.6140395499325703,0.4817103311913,0.46633846123037537,0.49711689959163796,0.020820132723522962,0.4982698961937716,0.03515662709000876,0.9251900907530046,-0.0018940699163705332
lstm,2007,4267,-0.005339390494113641,0.009038287206976836,0.5231361453544604,0.504959848842702,0.48990203021823364,0.5200086752692014,0.5286350510992381,0.5092111478507322,0.5800714537585624,0.9599250058589173,-0.0009994018404528848
lstm,2008,4301,0.020131788458971275,-0.0021414740558796906,-0.11649207533729936,0.47699135715954216,0.4620565597567887,0.4919674116310917,0.0027349011492133514,0.46975005839757067,0.34250752910504234,0.9486166007905138,-0.004151434338450777
lstm,2009,4284,-0.01083518740665595,0.00689979111844939,0.33881787610389275,0.4978853383458647,0.482872240776939,0.5129022499928586,0.7944168297849201,0.5143327067669173,0.03303289422350499,0.8793183940242764,0.0015765964949069344
lstm,2010,4284,-0.031979700806366376,0.0006523653620354453,0.038259003969258285,0.4859901106663527,0.47097764248708734,0.5010279010739808,0.07017839524963781,0.517541794207676,4.116793998372927e-05,0.7205882352941176,-0.002124789688438433
lstm,2011,4506,0.007312617133531457,0.014585111993165409,0.7813064467765002,0.5005596597268861,0.4859026488036763,0.5152157088675059,0.9522773214361457,0.5108573987015894,0.1686026938935342,0.7050599201065246,-0.0012018418097081707
lstm,2012,4595,0.012732285937604225,-0.004090272654838666,-0.22367550750941528,0.5130683066110256,0.49854466877044984,0.5275699102397136,0.08031905194929678,0.5099934109378432,0.6889970430870043,0.857671381936888,-1.9516531350793898e-05
lstm,2013,4788,-0.02529109751409521,0.004489894609466861,0.29293297367499677,0.5265822784810127,0.5123522969717795,0.540769206916546,0.0002658168111153073,0.5286919831223629,0.7710942591847383,0.8590225563909775,0.001757221184399138
lstm,2014,4800,0.012382179313403505,0.004992975830872746,0.30042242649336043,0.5091869060190074,0.49494579425498086,0.5234131228272023,0.21137026789206964,0.5167898627243929,0.2951800618059072,0.9191666666666667,-0.0011089230716676557
lstm,2015,5040,0.0008418205849019751,0.009903599880070465,0.6373842895346973,0.5037111334002006,0.48983387397968775,0.5175826773896721,0.6101383577964543,0.4990972918756269,0.5147586873583629,0.8478174603174603,-0.0014510836302445984
lstm,2016,5040,-0.0019613110395681334,-0.01591193801339625,-0.973609758858911,0.5032993401319736,0.4894445213305025,0.5171490939399589,0.6509109146731724,0.5198960207958409,0.01953078136178993,0.691468253968254,0.00010269739367263497
lstm,2017,5020,-0.0050047175485499525,-0.010452412257390969,-0.6079203895322696,0.5106511254019293,0.49675874187153257,0.5245270757335897,0.1366108491964592,0.5255225080385852,0.03691170790041719,0.7215139442231076,-0.0023324009228820053
lstm,ALL,55002,-0.008058463954986743,0.0005604797419746545,0.11081335227659696,0.5018249848682159,0.49762798184436574,0.5060217307299483,0.39645184073779544,0.5104455164065222,5.760070831561428e-05,0.833151521762845,-0.0012616012963759804
