model,ticker,n,ic_pooled,cs_ic_mean,cs_ic_t,hit_rate,hit_ci_lo,hit_ci_hi,hit_p_vs_50,up_rate,hit_p_vs_uprate,share_long,r2_oos
zero,AAPL,3020,,,,0.5248838752488387,0.507034975090934,0.5426694229132554,0.006637427552068545,0.5248838752488387,1.0,0.0,0.0
zero,AMD,3020,,,,0.49264454327745466,0.47454165043959456,0.5107667447943669,0.437254875820156,0.49264454327745466,1.0,0.0,0.0
zero,AMZN,3020,,,,0.5116124751161247,0.49376319673485747,0.529432189000431,0.20880693623497842,0.5116124751161247,1.0,0.0,0.0
zero,BABA,767,,,,0.5052356020942408,0.46984498568643845,0.5405738298609347,0.8000941878893293,0.5052356020942408,1.0,0.0,0.0
zero,BAC,3020,,,,0.5030343897505057,0.48504790767160505,0.5210130216385642,0.7549325429635556,0.5030343897505057,1.0,0.0,0.0
zero,BBY,3020,,,,0.5138471805138471,0.49594654571316604,0.5317123617080052,0.1341568349282374,0.5138471805138471,1.0,0.0,0.0
zero,FB,1354,,,,0.5374907201187825,0.5107950372115313,0.5639731665512193,0.006415181834633134,0.5374907201187825,1.0,0.0,0.0
zero,GE,3020,,,,0.5058863101244534,0.4879182249858812,0.5238392027522961,0.5329205782802118,0.5058863101244534,1.0,0.0,0.0
zero,GM,1731,,,,0.5125510799766492,0.4888788081168734,0.5361671833129709,0.310211463878858,0.5125510799766492,1.0,0.0,0.0
zero,GOOG,3020,,,,0.5110963895329579,0.4932621299916408,0.5289024452212978,0.22967109758285675,0.5110963895329579,1.0,0.0,0.0
zero,JPM,3020,,,,0.5096537949400799,0.4917758598854865,0.5275070704390358,0.2983482117622074,0.5096537949400799,1.0,0.0,0.0
zero,MA,2861,,,,0.5402943237561317,0.5219678243156493,0.5585124934178459,1.7969306653124297e-05,0.5402943237561317,1.0,0.0,0.0
zero,PFE,3020,,,,0.49949511948838776,0.48152801173728843,0.5174635312073846,0.9707309165804525,0.49949511948838776,1.0,0.0,0.0
zero,RRC,3020,,,,0.4948350549816728,0.4769647610629428,0.5127185553554668,0.5839524144950876,0.4948350549816728,1.0,0.0,0.0
zero,SBUX,3020,,,,0.5021673891297099,0.48428098170124306,0.5200482509828918,0.8265567682103636,0.5021673891297099,1.0,0.0,0.0
zero,SHLD,3020,,,,0.480346435709527,0.46251047461489003,0.4982326330724879,0.032710610867612205,0.480346435709527,1.0,0.0,0.0
zero,T,3020,,,,0.5263511245384357,0.5083984337557953,0.5442359401244671,0.004253108154665355,0.5263511245384357,1.0,0.0,0.0
zero,UAA,2989,,,,0.5142953245879582,0.49632247772941673,0.5322312753490136,0.12340669013618805,0.5142953245879582,1.0,0.0,0.0
zero,WMT,3020,,,,0.5254745254745254,0.5075932570308581,0.5432907004080705,0.005532798800786665,0.5254745254745254,1.0,0.0,0.0
zero,XOM,3020,,,,0.5104825291181364,0.49260710479902053,0.5283311858707176,0.2580439063349761,0.5104825291181364,1.0,0.0,0.0
rev1,AAPL,3020,-0.007346156064838626,,,0.5053085600530856,0.4874635047538432,0.5231401001537173,0.5723095916846082,0.5248838752488387,0.03284231006843291,0.49370860927152316,-1157.903000353516
rev1,AMD,3020,-0.02792998835837624,,,0.48853917208347586,0.4704444631711779,0.5066639666119713,0.2221712571702655,0.49264454327745466,0.6705074148027118,0.5248344370860927,-1105.2344473708906
rev1,AMZN,3020,0.01897548876295992,,,0.5155938951559389,0.4977434098195587,0.5334046795963999,0.0902501846430673,0.5116124751161247,0.6751812731315887,0.5029801324503311,-1092.769350932539
rev1,BABA,767,-0.04758946950834494,,,0.4856020942408377,0.4503223698092887,0.5210258874354348,0.4474230809474256,0.5052356020942408,0.2780361927635322,0.5097783572359843,-1285.887033780608
rev1,BAC,3020,0.0169889492165412,,,0.5225893459204316,0.5045955762260559,0.5405246753052044,0.014587724674817153,0.5030343897505057,0.03318327307908278,0.5142384105960265,-902.2300659071701
rev1,BBY,3020,0.004084819389729241,,,0.49716383049716384,0.47927798767678786,0.5150569348995986,0.7700898045210156,0.5138471805138471,0.07042034952199694,0.5003311258278146,-1107.2695384028518
rev1,FB,1354,0.04502669594040337,,,0.5256124721603563,0.49891062860622626,0.5521686393109003,0.06387312750105578,0.5374907201187825,0.38208656512089056,0.4859675036927622,-1107.0513464373987
rev1,GE,3020,0.000296387258242023,,,0.5132862428523377,0.49531369929536034,0.5312244947422399,0.152552762001499,0.5058863101244534,0.43030366286792393,0.5205298013245033,-1193.6885377307328
rev1,GM,1731,-0.01486822798220629,,,0.5032107413893754,0.47955241984450525,0.5268546942421991,0.8090881923193994,0.5125510799766492,0.43941865713557526,0.49913344887348354,-1192.9578964985133
rev1,GOOG,3020,-0.020838486410158914,,,0.4991719112288837,0.48134844598365617,0.5169974812392588,0.9419672551073149,0.5110963895329579,0.1900176412275177,0.5082781456953642,-1162.3822410309333
rev1,JPM,3020,0.07373949464387794,,,0.5392809587217043,0.5214170153329583,0.5570445632288914,1.7890806479973715e-05,0.5096537949400799,0.00115960728867412,0.5082781456953642,-1080.9426944027755
rev1,MA,2861,0.053674696855933735,,,0.5266292922214436,0.5082875990247652,0.5448993935643273,0.004697404556777157,0.5402943237561317,0.14302517766471848,0.48164977280671095,-1152.1488150101702
rev1,PFE,3020,0.03299149464463758,,,0.5072366206664423,0.4892613862445576,0.5251931648817947,0.44098192915688417,0.49949511948838776,0.39879124293283486,0.5228476821192053,-1187.7841951715243
rev1,RRC,3020,0.019142709536047357,,,0.5114961679440186,0.493608340764885,0.5293546001102678,0.21448895182619235,0.4948350549816728,0.07070094855841247,0.5145695364238411,-1169.086707278632
rev1,SBUX,3020,0.030601574245204672,,,0.5135045015005002,0.4956099382888085,0.5313645115123399,0.1440475501407288,0.5021673891297099,0.2211486997926117,0.5109271523178808,-1177.049669289875
rev1,SHLD,3020,-0.06293280739868339,,,0.48401065956029315,0.46616534935294607,0.5018968399520394,0.08292278742857326,0.480346435709527,0.6878543830133272,0.5324503311258278,-1134.722922236298
rev1,T,3020,0.009979085926795642,,,0.500503524672709,0.4825592273993816,0.5184465249677571,0.9707702237428502,0.5263511245384357,0.004990382177686698,0.49801324503311256,-1187.4832095749784
rev1,UAA,2989,-0.030374364595368228,,,0.49142280524722504,0.4734747816675979,0.5093929664853438,0.3591412330561197,0.5142953245879582,0.013238512358812581,0.4961525593844095,-1078.5102616938877
rev1,WMT,3020,0.036714790195945424,,,0.5164835164835165,0.49860025577995293,0.5343246578570009,0.0737046949731732,0.5254745254745254,0.32387038425053505,0.502317880794702,-1198.148808343174
rev1,XOM,3020,0.06869988355672771,,,0.5237936772046589,0.5059175506887675,0.5416090455933363,0.009575140203214993,0.5104825291181364,0.14944471866304554,0.5129139072847683,-1171.3609588443906
mom20,AAPL,3020,0.03477992914680163,,,0.5225613802256138,0.5047115056159928,0.5403538152411391,0.013918348645144725,0.5248838752488387,0.7985060900338754,0.5718543046357616,-1377.2380526647637
mom20,AMD,3020,0.022915241597317493,,,0.49948682860075266,0.4813730068882431,0.5176019974304055,0.9704916965344468,0.49264454327745466,0.4594212129958983,0.4513245033112583,-1416.3598385185985
mom20,AMZN,3020,-0.01154205803895349,,,0.4966821499668215,0.47884746382515836,0.5145252831076162,0.7292856479519321,0.5116124751161247,0.10108937463975054,0.5685430463576159,-1112.0062204091705
mom20,BABA,767,0.04554651372487207,,,0.5366492146596858,0.5011941601199096,0.5717375487117037,0.046538810201850744,0.5052356020942408,0.0825780515253895,0.5384615384615384,-1641.7600853009399
mom20,BAC,3020,0.014158090283269585,,,0.4983142279163857,0.4803336228877655,0.5162991941621405,0.8687461358170613,0.5030343897505057,0.6072222313116855,0.4605960264900662,-1005.3897421051304
mom20,BBY,3020,-0.002723229098233614,,,0.5038371705038371,0.4859430233531253,0.5217214931611753,0.6877908773395578,0.5138471805138471,0.27297242380558195,0.48013245033112584,-1331.1059415522477
mom20,FB,1354,-0.013146293491366787,,,0.5018559762435041,0.47518696958820916,0.5285144266376696,0.9132177938970432,0.5374907201187825,0.009412965912373807,0.6129985228951256,-1278.6737288016848
mom20,GE,3020,0.013962575090052448,,,0.5038681466532122,0.48590195963019556,0.521824350026321,0.6865999168733335,0.5058863101244534,0.825828433568661,0.42185430463576157,-1337.0056183689887
mom20,GM,1731,-0.01667119895444827,,,0.4903677758318739,0.46674208448290666,0.5140365732569803,0.43943464440529784,0.5125510799766492,0.06985111192566973,0.4610051993067591,-1270.8594670294233
mom20,GOOG,3020,0.019411995357479166,,,0.5034779728386883,0.4856494414684665,0.5212976641952904,0.7158663645907527,0.5110963895329579,0.40244663140489856,0.5155629139072848,-1235.3708518816738
mom20,JPM,3020,-0.021545090507993747,,,0.49567243675099865,0.4778097003923027,0.5135462273932562,0.6483026454215018,0.5096537949400799,0.12535178739415975,0.5264900662251656,-733.0225937460409
mom20,MA,2861,-0.027777243268301673,,,0.48703573931324456,0.46872744147096407,0.5053788910843462,0.17178481094964024,0.5402943237561317,1.2346587259675462e-08,0.6113247116392869,-964.5062515972345
mom20,PFE,3020,-0.02153704162983974,,,0.5045439246045103,0.486571028892815,0.5225050846051272,0.6333666366148665,0.49949511948838776,0.5821230109834414,0.4837748344370861,-957.6833744707479
mom20,RRC,3020,-0.036313343043760896,,,0.4875041652782406,0.46964786787136126,0.5053924137860812,0.17674195479337643,0.4948350549816728,0.43247016474451777,0.46258278145695364,-951.2267020800454
mom20,SBUX,3020,-0.025919660071141257,,,0.49983327775925307,0.4819496895958574,0.5177172925053629,1.0,0.5021673891297099,0.7982597320774663,0.5135761589403973,-1048.3137845213469
mom20,SHLD,3020,0.027130841861931643,,,0.522651565622918,0.5047660691290893,0.5404791626888482,0.013728980792660588,0.480346435709527,3.768896748916061e-06,0.4370860927152318,-1659.4910220949737
mom20,T,3020,0.0003402068731642701,,,0.5109097012420275,0.49295625914393804,0.5288350421440686,0.24095691732723545,0.5263511245384357,0.09146043578662746,0.476158940397351,-976.9296805967778
mom20,UAA,2989,-0.016011929185377343,,,0.5095862764883956,0.49161547071466566,0.5275323401732231,0.3043973130761147,0.5142953245879582,0.6075028267563606,0.5015055202408832,-1084.234277013245
mom20,WMT,3020,-0.01894473751030224,,,0.4855144855144855,0.46766858152657803,0.5033974034591292,0.11655075246765913,0.5254745254745254,1.2472529249971267e-05,0.4652317880794702,-958.6257744685715
mom20,XOM,3020,-0.03453474862178276,,,0.49550748752079865,0.477647981388053,0.5133784654677735,0.6352948334623688,0.5104825291181364,0.10059701130457471,0.46192052980132453,-742.066517214257
ridge,AAPL,3020,-0.009642923836780462,,,0.5142667551426675,0.49641654645874733,0.5320806417303212,0.1215423936091094,0.5248838752488387,0.24319719270009355,0.8887417218543047,0.0006816330617115396
ridge,AMD,3020,-0.011728674552225489,,,0.5042764283270612,0.4861569722324432,0.5223846584454862,0.6571135978776889,0.49264454327745466,0.20850195952621609,0.8456953642384106,-0.002005174809374788
ridge,AMZN,3020,0.011705217290847286,,,0.5086264100862641,0.49077877892605487,0.5264520790487308,0.3529099415153236,0.5116124751161247,0.7429889572274622,0.876158940397351,0.0008574598996644589
ridge,BABA,767,0.038188730544045875,,,0.5052356020942408,0.46984498568643845,0.5405738298609347,0.8000941878893293,0.5052356020942408,1.0,0.9295958279009127,0.0011923219257596873
ridge,BAC,3020,0.03055738781865371,,,0.5067430883344571,0.48875311148167977,0.5247156203186963,0.4739302051974594,0.5030343897505057,0.6997966822555278,0.8748344370860928,0.0012158393802729206
ridge,BBY,3020,0.007763425568950907,,,0.5141808475141808,0.4962801198755371,0.53204526724253,0.12491939518931741,0.5138471805138471,0.985421023480999,0.8798013245033113,-0.0008921760941891232
ridge,FB,1354,0.08442101186799318,,,0.5360059391239792,0.5093086600969469,0.5624984266851006,0.008879889845856694,0.5374907201187825,0.9130013422831533,0.9202363367799113,0.005507460110241724
ridge,GE,3020,0.011566127398519662,,,0.5075681130171544,0.48959866941037605,0.525518023395852,0.4196906399924948,0.5058863101244534,0.8688903364288845,0.8940397350993378,-0.0024296373496357493
ridge,GM,1731,0.02099863280021789,,,0.5102159953298308,0.48654643863530944,0.5338398334587499,0.41137683859359786,0.5125510799766492,0.8467325884211079,0.8989023685730791,0.00029164063228548365
ridge,GOOG,3020,0.008234464594038772,,,0.5147399801258695,0.49690444287968616,0.5325380525524265,0.10923118306662273,0.5110963895329579,0.7022518032322178,0.883774834437086,-0.001779787335261629
ridge,JPM,3020,0.04168734710383997,,,0.5109853528628495,0.4931066982602966,0.5288359465917462,0.23563999052200432,0.5096537949400799,0.898357000645146,0.8864238410596027,0.003083483076436022
ridge,MA,2861,0.006534494953474704,,,0.5332866152768044,0.5149506044401765,0.5515331362961889,0.00040163968408933674,0.5402943237561317,0.45261530050857424,0.8916462775253408,0.003976302982598878
ridge,PFE,3020,0.02717696833060074,,,0.5008414675193538,0.48287263740804254,0.5188081243508358,0.9415011997828553,0.49949511948838776,0.8833357736546924,0.8966887417218543,0.0011274551732045612
ridge,RRC,3020,0.04071313563258457,,,0.5004998333888704,0.4826213534936817,0.5183770352400208,0.9708775072312447,0.4948350549816728,0.5348827295663809,0.8728476821192053,0.001203394106204514
ridge,SBUX,3020,0.046996487882674756,,,0.5085028342780927,0.49061073678258094,0.5263731760551793,0.36123261223793135,0.5021673891297099,0.49927353308451017,0.895364238410596,0.0011550715908811293
ridge,SHLD,3020,-0.019841422945704488,,,0.48467688207861426,0.4668299752192409,0.5025629561980367,0.09672295796727585,0.480346435709527,0.6349166502892785,0.8519867549668875,-0.003925717408565177
ridge,T,3020,0.015040463092251224,,,0.5250083920778785,0.5070549556583013,0.5428974119095911,0.006686093474484186,0.5263511245384357,0.8833284956879512,0.9019867549668874,0.000675398957990514
ridge,UAA,2989,0.012266365502589653,,,0.5183316515304406,0.5003583231318897,0.5362576661098623,0.047602823303887404,0.5142953245879582,0.6730353146919346,0.8578119772499163,-5.737329010369052e-05
ridge,WMT,3020,0.052585596176726215,,,0.5228105228105228,0.5049280606722197,0.5406346986031607,0.01306018525997009,0.5254745254745254,0.7700564758493127,0.8857615894039735,0.0018495897748970203
ridge,XOM,3020,0.01020291560763223,,,0.507820299500832,0.48994653507799985,0.525674094469265,0.40139335246998165,0.5104825291181364,0.7703740044252065,0.8970198675496689,0.000942786918883276
lgbm,AAPL,3020,0.031321043913823045,,,0.5275381552753815,0.5096908412528309,0.5453153592051387,0.002645891613723957,0.5248838752488387,0.784425498143603,0.8920529801324504,-0.000591331858168509
lgbm,AMD,3020,0.0027991475951112863,,,0.5018816284639069,0.4837647820516913,0.5199935354465975,0.8532618087369663,0.49264454327745466,0.3179194974793601,0.8195364238410596,-0.0026565554693247506
lgbm,AMZN,3020,-0.017766786332105558,,,0.5096217650962177,0.49177351421437376,0.5274455196805796,0.2991512064044978,0.5116124751161247,0.8269630648690535,0.8774834437086093,0.0011555434792218655
lgbm,BABA,767,-0.027419786368952235,,,0.49345549738219896,0.45812490344146206,0.5288515771243213,0.7447446016767919,0.5052356020942408,0.5151796906713961,0.9387222946544981,-0.00028419576205629404
lgbm,BAC,3020,0.0190275962480012,,,0.51416048550236,0.4961664846246742,0.5321178521561156,0.12748794477591,0.5030343897505057,0.23265367547990148,0.8821192052980132,-0.0013285165018219747
lgbm,BBY,3020,-0.02620932019689794,,,0.5111778445111779,0.49327823915072144,0.5290488306952844,0.22796876450263467,0.5138471805138471,0.7700393779609279,0.8764900662251656,-0.005699389825204237
lgbm,FB,1354,0.00026057081465974917,,,0.532293986636971,0.5055937507670252,0.5588105435632649,0.019084287877671118,0.5374907201187825,0.7021721629829696,0.9239290989660266,0.003413340506178253
lgbm,GE,3020,0.008011965979079376,,,0.5082408341742348,0.49027090402518597,0.5261894948082623,0.3786854660939648,0.5058863101244534,0.8115460661756164,0.8983443708609271,0.0001864418412895752
lgbm,GM,1731,-0.00045256384748014835,,,0.5148861646234676,0.4912116927860501,0.538494017979579,0.22701079766812074,0.5125510799766492,0.8656591529991227,0.8965915655690352,-0.0019384667683723933
lgbm,GOOG,3020,0.015478547105554841,,,0.5120900960582975,0.4942553942096988,0.529894068335742,0.19005479042138093,0.5110963895329579,0.9274772511441352,0.8943708609271523,0.0021389853932624048
lgbm,JPM,3020,0.03385702717638589,,,0.5153129161118508,0.49743279784867467,0.5331539192178091,0.096834110689523,0.5096537949400799,0.5470442438026879,0.8996688741721854,0.00044198104514048264
lgbm,MA,2861,0.020133093187756027,,,0.5350385423966363,0.5167045696019928,0.553278315383655,0.0001942330859654184,0.5402943237561317,0.5732349043577359,0.88325760223698,0.005409407998949067
lgbm,PFE,3020,0.021899055783813348,,,0.5015146415348367,0.4835449990344899,0.5194803721314908,0.8833163811890944,0.49949511948838776,0.8257831806951317,0.9149006622516557,0.0024737181509815187
lgbm,RRC,3020,-0.01836213751042911,,,0.48717094301899366,0.4693153730734366,0.505059316094871,0.16532950882641942,0.4948350549816728,0.4113710074485956,0.8698675496688741,-0.005497121775985825
lgbm,SBUX,3020,-0.019856246095812935,,,0.49083027675891966,0.47296120921762463,0.5087228063494968,0.32410161426602624,0.5021673891297099,0.21440793403610453,0.909271523178808,-0.003548621510576444
lgbm,SHLD,3020,-0.022824395756468115,,,0.491672218520986,0.47381046241940805,0.5095552611769386,0.3711557976819382,0.480346435709527,0.2142843966313665,0.8182119205298013,-0.007803040318555832
lgbm,T,3020,0.004834443795025848,,,0.527693856998993,0.5097420416311564,0.545574338561476,0.00265207985622917,0.5263511245384357,0.8978114389618533,0.909271523178808,0.003073131147642294
lgbm,UAA,2989,-0.012435568727631477,,,0.5092499159098554,0.4912793168591041,0.5271966410151745,0.321994874198949,0.5142953245879582,0.5820927377786307,0.853797256607561,-0.002015671188598356
lgbm,WMT,3020,-0.024091004805954414,,,0.5118215118215118,0.4939394947886095,0.5296733220621351,0.2014599524931351,0.5254745254745254,0.13410340837393442,0.9029801324503312,0.0011530179012141373
lgbm,XOM,3020,0.034296700529802895,,,0.5128119800332779,0.49493551853099466,0.5306557256209075,0.16561124709007172,0.5104825291181364,0.8125056559548698,0.9069536423841059,0.008876664539646861
lstm,AAPL,3020,-0.007829901676949613,,,0.5119442601194426,0.4940948379662814,0.5297632730757295,0.19591193374653607,0.5248838752488387,0.1549269980382622,0.8261589403973509,-0.0007416900734711351
lstm,AMD,3020,-0.011804016048913018,,,0.49640780020526853,0.4782984772038879,0.5145265530266514,0.711443950890655,0.49264454327745466,0.6840917468852529,0.8274834437086093,-0.0024643280671454715
lstm,AMZN,3020,-0.010035625158165026,,,0.5019907100199071,0.4841490152321735,0.5198273366081618,0.8411995793031968,0.5116124751161247,0.2907004455059663,0.8304635761589404,0.0005560697419829674
lstm,BABA,767,0.04236682086362847,,,0.5026178010471204,0.46723883485697376,0.5379705729167128,0.9135796712437259,0.5052356020942408,0.885015063683543,0.8005215123859192,0.002684533469924255
lstm,BAC,3020,0.013740731899993879,,,0.5057316250842886,0.487742503342337,0.5237059186879828,0.5445629203696467,0.5030343897505057,0.7829902059657313,0.8599337748344371,0.00164600783008495
lstm,BBY,3020,-0.004816221164762972,,,0.5048381715048381,0.4869430532228252,0.5227209023821624,0.6090338855177161,0.5138471805138471,0.32383231497797815,0.8168874172185431,-0.0027457301360136466
lstm,FB,1354,0.06513245353833236,,,0.5300668151447662,0.5033655131093323,0.5565971057499034,0.02923864387212681,0.5374907201187825,0.5848768933737434,0.7813884785819794,0.005817897785913351
lstm,GE,3020,-0.004771483751202529,,,0.493104608139926,0.4751534805003585,0.5110735327206338,0.4631950466775586,0.5058863101244534,0.16339272632906637,0.8403973509933775,-0.0039200309171827374
lstm,GM,1731,-0.016522626808420503,,,0.4997081144191477,0.47605714780732705,0.5233603872756998,1.0,0.5125510799766492,0.2877180935398368,0.8324667822068169,0.0011724400809725033
lstm,GOOG,3020,-0.03575042093128363,,,0.48857237495859557,0.47076700592163845,0.5064067897545889,0.21586079385531698,0.5110963895329579,0.013974010006616404,0.847682119205298,-0.0034633317011816267
lstm,JPM,3020,0.0010546635481787868,,,0.5036617842876165,0.4857886541168744,0.5215255608338067,0.7016149483485559,0.5096537949400799,0.5112865792100781,0.8549668874172185,0.00210232644100683
lstm,MA,2861,-0.0055009219706609646,,,0.5143658023826209,0.4960221696291234,0.5326708132149922,0.12945289226940204,0.5402943237561317,0.005759953909080007,0.8322264942327857,0.0012219711898920904
lstm,PFE,3020,-0.0039920870507233796,,,0.49276337933355774,0.47480683511820526,0.5107386137554424,0.44098192915688417,0.49949511948838776,0.47430226441653006,0.8437086092715231,-0.00045796642971085433
lstm,RRC,3020,0.012182982145801545,,,0.49250249916694433,0.4746362421635328,0.5103879268309326,0.421868023423484,0.4948350549816728,0.8124137195704952,0.8490066225165563,-0.0011625021244958678
lstm,SBUX,3020,0.0033262433684220147,,,0.49983327775925307,0.4819496895958574,0.5177172925053629,1.0,0.5021673891297099,0.7982597320774663,0.8264900662251655,-0.0008212259845581382
lstm,SHLD,3020,-0.055208240754665315,,,0.4836775483011326,0.46583304832328204,0.5015637699255572,0.07664646706579166,0.480346435709527,0.7149293668517432,0.828476821192053,-0.0066057119274312015
lstm,T,3020,-0.011586441185650564,,,0.5146022155085599,0.496647395287343,0.5325194233596815,0.11508853436625079,0.5263511245384357,0.19910044244971462,0.8268211920529801,-0.00104089923264028
lstm,UAA,2989,-0.0027445148515578433,,,0.49714093508240836,0.4791831859436877,0.5151060634406261,0.7691899430475502,0.5142953245879582,0.06384825611822453,0.8548009367681498,-0.0008819024682422683
lstm,WMT,3020,-0.019954614119974123,,,0.5171495171495172,0.49926620562749163,0.5349890075503493,0.06268014756246414,0.5254745254745254,0.36100276382954244,0.7996688741721855,-0.003166961805267432
lstm,XOM,3020,0.009002939713410716,,,0.5014975041597338,0.48362970991887677,0.5193614744625145,0.883973631568954,0.5104825291181364,0.32455703312822765,0.8304635761589404,-0.00044105110621095456
